6
cb9e5d00,Booker,Beard,Caton Place,Alleghenyville,OR,88025,NZ,beardbooker@opticom.com,beardbooker@opticom.com,beardbooker@opticom.com
1f65ea36,Garcia,Edith,Ocean Avenue,Foscoe,ID,58753,FX,edithgarcia@opticom.com,edithgarcia@opticom.com
924725d8,Arnold,Lessie,Engert Avenue,Jessie,NY,59430,GS,lessiearnold@opticom.com,lessiearnold@opticom.com,lessiearnold@opticom.com,lessiearnold@opticom.com
26d41b81,Vega,Byers,Centre Street,Tedrow,PA,54543,NI,byersvega@opticom.com,byersvega@opticom.com,byersvega@opticom.com,byersvega@opticom.com
63407d13,Schwartz,Eunice,Madeline Court,Graniteville,PW,76048,EE
7c83e390,Lane,Lenora,Midwood Street,Hessville,AL,42547,IL